Subject ID,Bacteroides,Unclassified,Faecalibacterium,Prevotella,Blautia,Bifidobacterium,Roseburia,Parabacteroides,Subdoligranulum
N000021,933,900,128,4455,358,0,41,129,0
N000233,3813,1461,1064,0,208,529,201,641,0
N000312,1023,2689,471,2391,1083,37,244,79,70
N000344,3757,752,1,3,767,623,669,218,0
N000420,5114,1050,972,3,128,73,287,281,175
N000487,469,562,544,5117,424,0,315,174,95
N000503,1299,1522,696,4494,214,193,130,94,0
N000576,3198,666,4306,2,127,658,329,1,51
N000636,1045,1477,792,3212,144,91,855,137,29
N000664,1416,2452,228,1,146,1036,205,363,73
N000733,4601,1640,0,0,723,0,1176,0,0
N000774,4231,1129,0,0,860,1128,355,168,0
N000812,1880,4761,542,0,296,0,366,82,113
N000846,3768,1796,705,0,691,194,323,343,400
N000885,1165,3397,2544,0,312,33,654,46,228
N000902,3710,577,67,3,0,1437,0,756,0
N000933,2828,1462,372,1,315,293,206,638,434
N000968,5952,1333,1199,0,257,195,7,0,2
N001055,1699,854,1,0,819,1461,3,47,291
N001128,2754,968,329,0,229,1127,46,337,18
N001131,1092,1897,2770,352,216,74,74,123,647
N001196,2944,1391,791,0,1917,516,93,146,294
N001288,1903,650,432,0,547,1148,653,133,475
N001318,698,4816,936,3,358,17,178,53,206
N001366,3258,1007,1949,3,271,383,291,477,0
N001634,4485,586,1234,0,492,59,290,132,206
N001678,2688,871,1174,0,330,188,947,1129,156
N001709,3277,1075,1486,0,493,349,355,433,230
N001740,642,3699,1467,5,85,433,148,395,190
N001796,4578,559,336,1,254,1932,32,224,14
N001829,771,1260,169,3666,357,139,84,101,121
N001836,2523,1138,1975,1,1249,409,188,81,355
N001980,1565,2167,783,1,317,1334,332,166,301
N002001,2402,952,563,0,1262,463,1217,253,577
N002004,2136,366,279,2570,57,432,28,410,32
N002105,3229,2941,436,0,331,149,180,310,241
N002148,4656,1025,614,0,90,510,112,149,182
N002188,3525,1189,0,1,415,598,593,0,5
N002203,3228,1382,1116,0,783,1525,115,50,274
N002385,1193,1018,658,2607,412,328,168,517,233
N002397,2166,1191,1162,2,807,524,1309,225,794
N002403,4057,949,466,0,104,511,1007,0,327
N002641,4034,1394,272,2,356,263,416,879,20
N002868,2560,1117,2747,2,102,494,497,47,29
N002929,4884,929,853,2,288,297,241,569,74
N003081,2302,530,628,0,331,1747,1641,769,0
N003462,4434,1286,720,379,327,93,458,137,17
N003591,3559,506,5,1849,386,0,226,1354,13
N003643,2864,1949,1448,0,934,107,789,131,203
N003672,2035,1574,2199,1292,73,20,157,235,469
N003680,1698,1466,175,1,937,3175,188,145,0
N003836,3307,1198,1976,0,267,119,700,102,450
N003925,5287,1192,1033,0,167,42,965,19,114
N003985,4860,1629,2,0,31,86,636,459,775
N003994,4283,1250,1133,0,623,36,507,191,213
N004021,6423,1003,74,0,477,105,295,90,6
N004290,2961,1172,521,0,744,392,703,130,165
N004361,601,1341,569,5569,491,4,495,27,133
N004510,2021,2491,1806,3,322,69,83,118,470
N004550,3472,344,25,3,57,549,0,748,3
N004557,3287,813,201,0,592,2900,275,17,72
N004580,5084,1035,594,0,202,463,303,151,485
N004722,6058,402,589,3,289,70,338,129,165
N004753,5281,1061,297,0,1147,16,109,0,318
N004761,5881,817,130,0,794,268,2,91,2
N004779,3950,779,25,3,491,254,328,167,0
N004781,595,7752,1086,2,21,10,175,15,73
N004851,2177,1810,1117,0,74,18,328,44,267
N004943,3954,1418,0,0,831,753,702,113,0
N004959,4282,952,717,0,1160,176,232,280,394
N005025,5244,506,271,0,714,168,922,564,212
N005126,1125,203,92,5967,290,269,46,83,0
N005401,1448,401,0,0,591,2487,0,4374,0
N005419,3156,2243,523,1211,255,22,189,104,100
N005452,3701,828,0,0,962,168,0,257,0
N005657,4814,810,2867,3,67,59,3,126,123
N005694,3983,727,14,1170,556,90,16,59,1
N005698,3069,1052,898,12,140,2917,1,267,494
N005738,2159,2331,144,2,894,49,556,36,38
N005799,3114,1896,2073,1,187,365,986,98,143
N005817,6617,1031,2,0,426,0,0,0,69
N005864,1384,1742,1094,0,1198,370,55,3,0
N005888,1523,3330,1555,0,398,27,176,158,195
N005995,6508,757,304,2,258,21,499,0,115
N006026,5138,565,647,0,163,966,273,94,338
N006032,2765,706,675,0,566,1395,284,49,1
N006107,1236,889,491,3216,860,206,388,67,141
N006184,1765,651,841,1658,1054,146,788,130,67
N006308,2235,1994,1724,0,1862,67,183,56,169
N006390,4434,1256,1,819,52,230,1,210,1025
N006398,1672,1355,81,0,1374,195,369,30,31
N006520,2974,1493,9,36,330,320,76,1574,878
N006603,1721,2776,552,5,731,928,46,4,529
N006608,3297,1348,578,2,484,1164,68,112,1
N006651,4695,1209,615,0,211,349,42,197,265
N006660,844,3644,686,786,151,27,206,48,324
N006773,611,2163,849,3025,546,21,81,64,182
N006781,1602,1676,394,1,937,402,477,99,933
N006861,4182,1312,1599,0,166,318,313,64,137
N006936,2761,1494,1048,0,383,70,969,271,4
N007030,295,2976,1477,3415,48,13,427,59,289
N007049,642,1012,487,3504,153,523,70,134,102
N007106,3585,1697,0,0,937,631,64,368,319
N007314,3796,838,1314,0,556,127,1086,441,413
N007351,846,1679,2586,0,453,296,811,38,329
N007586,3798,1217,268,15,815,219,52,680,459
N007588,504,1254,589,3474,337,904,62,155,434
N007598,3114,641,700,0,1325,3056,0,0,81
N007615,2578,2171,55,1238,697,193,334,376,18
N007672,230,1834,2586,3526,142,129,374,9,310
N007674,2799,1111,2900,2,154,1015,125,0,735
N007730,1901,2207,2638,0,240,354,131,171,667
N007750,1021,2091,888,1508,467,529,299,695,240
N007800,2421,1751,646,0,335,459,197,338,189
N007877,180,632,1006,5874,139,121,1237,43,51
N007903,2205,2468,408,0,421,27,181,0,106
N008023,1391,1530,373,13,250,2041,7,663,207
N008027,3448,674,266,0,2435,602,520,0,0
N008061,865,1575,1031,1500,621,122,471,84,666
N008157,6400,769,542,0,208,38,1,448,0
N008254,4172,1484,627,0,564,602,135,177,177
N008321,3375,1800,775,2,243,804,523,237,497
N008504,3785,899,632,0,825,399,442,286,262
N008550,2617,2083,2391,0,668,135,241,112,203
N008700,3236,382,138,1,530,1057,89,138,25
N008717,2667,315,43,0,737,313,1459,825,0
N008908,6094,1088,102,1,599,57,0,193,5
N008998,4321,1057,374,0,355,471,172,101,71
N009001,4733,768,0,1,903,2192,3,244,1
N009020,3312,654,1252,0,615,741,135,0,611
N009106,1371,3142,52,2,30,768,2,187,109
N009320,4126,4268,0,1,179,1,237,2,1
N009338,5680,384,253,2,983,451,305,0,207
N009381,4721,1072,94,0,265,405,730,1,87
N009571,225,1468,1218,5246,186,3,84,59,56
N009609,7612,335,393,0,258,169,124,219,16
N009709,3159,925,1114,1,604,1030,165,254,86
N009754,5307,978,544,1,1597,0,183,108,181
N009824,1138,2423,2323,35,158,59,95,420,46
N009923,5554,373,683,0,309,407,0,499,156
N009953,4265,871,548,0,1424,55,113,753,0
N010082,4276,1503,896,2,628,159,64,69,127
N010095,3570,1349,1195,2,267,898,422,137,3
N010121,5243,1356,0,0,905,0,0,353,0
N010146,4913,1834,45,0,1291,409,2,12,1
N010155,4550,1513,555,2,165,11,815,223,178
N010235,3733,456,1018,1,229,1615,302,516,297
N010273,5252,637,223,11,280,139,75,200,132
N010345,5705,880,644,1,372,290,133,112,439
N010391,2926,1505,1648,0,513,470,379,132,395
N010512,5367,1486,626,0,374,189,111,197,0
N010548,1526,1071,249,1156,350,1500,157,517,400
N010647,2846,3551,570,4,427,365,40,43,1
N010649,4884,601,590,3,533,247,39,324,0
N010737,3592,983,857,0,260,434,370,138,414
N010766,184,1080,451,4330,595,45,295,232,165
N010957,473,3010,1352,1312,711,69,341,153,314
N011015,3499,1673,806,0,782,41,40,655,692
N011068,4031,1705,1303,2,644,170,6,210,246
N011145,1718,1481,2675,0,514,4,608,75,206
N011163,5188,2455,40,0,577,14,88,11,0
N011329,988,556,75,2964,329,1431,146,92,0
N011369,2797,802,40,1224,717,753,60,647,68
N011370,2696,2145,841,2,646,44,367,1118,324
N011390,127,120,119,8475,45,1,5,56,1
N011498,2350,1679,1465,0,608,310,328,25,80
N011557,4134,1261,1346,1,416,55,187,43,317
N011601,914,594,2221,0,179,3623,192,38,233
N011676,1197,2054,62,852,336,244,956,40,39
N011679,564,1269,410,0,1041,1399,5,0,135
N011702,4059,1539,419,4,1067,1,526,168,269
N011733,3284,633,2020,1,568,776,199,79,148
N011797,2268,2974,1989,4,271,3,605,80,119
N011871,4506,717,648,0,307,249,1105,155,120
N011904,3895,862,503,1,339,178,337,511,180
N011971,2133,1298,445,3,929,959,1237,68,148
N012035,4271,1542,545,0,938,43,344,69,68
N012049,5497,1304,356,0,452,17,31,412,248
N012119,906,1906,908,7,539,3262,497,88,358
N012180,1383,1282,1001,1,657,1477,760,31,735
N012217,2146,2203,725,2,383,1986,19,78,52
N012255,54,1254,70,4761,145,167,218,8,43
N012257,4130,739,1423,1,410,184,990,177,205
N012432,6043,736,1123,0,209,45,359,90,175
N012482,1985,2619,376,0,460,2,468,831,0
N012517,2931,928,2719,0,150,105,964,0,97
N012520,2298,3691,1608,1,61,295,33,84,190
N012615,6241,282,714,0,302,535,1,709,49
N012617,3749,1428,599,2,670,118,950,0,46
N012749,2507,2241,742,0,369,92,100,282,78
N012833,3750,883,1671,0,642,942,34,533,105
N012899,14,993,243,5426,48,3,194,6,30
N012904,2997,1252,1814,0,337,313,332,653,308
N013004,277,404,92,5123,174,67,45,103,36
N013097,617,496,41,5281,209,127,234,11,1
N013220,674,1066,1880,0,494,911,155,371,284
N013352,3381,295,2,0,266,2607,2,39,413
N013356,4640,1268,938,0,1219,39,0,0,1
N013588,3696,2131,1224,0,1154,119,0,441,150
N013647,3071,1414,376,7,113,1698,152,176,275
N013660,4936,1430,1959,1,364,6,186,114,88
N013679,841,3740,2292,608,486,1,368,106,355
N013752,2306,1141,851,1043,221,655,319,667,251
N013800,3363,822,332,931,342,595,134,142,201
N013834,4479,962,788,0,653,932,675,109,0
N014045,2770,1278,348,16,120,780,19,224,281
N014082,2024,1812,2127,0,173,18,2153,70,86
N014165,563,1228,70,270,149,2817,4,694,0
N014182,1950,706,19,4911,457,49,238,238,29
N014185,1607,1661,1093,1,1338,175,1595,112,146
N014251,3244,1103,1228,3,562,1122,472,194,343
N014440,1358,2066,807,0,1992,411,198,161,24
N014534,2024,904,14,3000,1962,312,37,141,0
N014567,2252,1483,1424,4,248,502,259,256,768
N014675,5089,889,734,0,390,11,186,445,61
N014833,2567,1321,478,2,1537,375,453,47,0
N014900,4258,1616,723,0,921,1142,4,0,14
N014908,7250,418,1,0,115,27,1,302,0
N014978,632,715,458,5080,360,9,148,89,7
N014991,945,720,705,1325,615,837,336,172,312
N015072,5193,417,0,2,999,266,559,866,39
N015094,4906,949,417,0,957,111,134,408,159
N015101,4572,387,42,0,239,290,780,616,205
N015119,3798,1183,407,0,1149,298,434,356,38
N015139,5627,748,86,0,693,3,381,322,1
N015179,4838,1828,671,1,251,696,27,111,0
N015182,87,1784,536,2639,2703,113,194,12,13
N015250,3532,729,482,1,592,531,164,535,69
N015329,7852,464,13,2,179,175,367,105,187
N015336,1068,582,909,3417,78,634,30,104,54
N015348,124,930,346,4505,246,219,73,175,82
N015449,903,397,1054,62,848,3137,1438,673,0
N015457,4668,1318,168,0,207,473,625,298,20
N015510,5322,940,702,0,1289,101,65,120,217
N015587,1119,1007,1351,0,1100,1152,276,29,296
N015616,5962,332,809,1,223,663,133,129,42
N015633,4438,943,1249,1,53,125,408,615,171
N015656,2963,358,1,0,195,1,6,73,0
N015667,3723,590,906,0,1023,348,201,1065,0
N015668,3522,697,238,0,1010,292,250,367,271
N015695,5360,1179,950,0,499,13,443,95,275
N015832,924,833,1276,0,632,2005,173,2,437
N015893,3439,994,693,1,1216,216,282,218,115
N015910,2148,1264,4511,2,102,13,333,3,206
N015927,1013,1382,871,0,484,293,177,2703,108
N015964,6827,1423,0,1,242,149,1,106,0
N016078,1795,3665,204,1,618,243,357,31,164
N016095,2247,523,1,1760,452,1763,317,301,0
N016231,2996,1348,333,14,268,411,805,64,1070
N016303,2110,992,2707,1,563,293,191,35,32
N016318,254,967,738,5053,266,249,410,55,122
N016341,1928,1669,113,1,801,380,641,47,31
N016363,3659,660,327,1,2138,1166,87,89,0
N016369,2296,2299,925,0,839,441,599,184,588
N016394,2271,1558,1516,0,384,1121,636,23,846
N016438,1851,1900,903,0,386,322,121,108,1166
N016576,3283,948,523,0,645,615,220,428,53
N016580,4843,1769,1573,0,166,110,441,186,339
N016583,2663,863,2162,0,1196,482,0,778,149
N016700,1692,898,1627,735,975,35,172,176,729
N016711,3938,459,656,1,324,387,1138,545,46
N016737,2617,2051,252,1,1663,768,124,1,47
N016739,3632,1266,730,0,311,245,1124,774,0
N016815,382,566,626,5306,730,333,230,13,265
N017070,5443,187,19,0,268,99,90,75,18
N017115,5287,1192,1048,0,1091,366,152,199,0
N017238,3733,2410,162,21,366,174,478,67,436
N017322,1344,3324,834,0,642,296,550,156,318
N017375,1328,1333,808,1923,267,231,229,315,274
N017381,3354,774,1933,0,59,39,442,0,104
N017425,3897,1836,905,0,264,176,293,165,178
N017481,6094,866,0,0,1032,83,1,738,0
N017741,3356,3203,386,0,639,258,296,320,97
N017772,3290,2192,616,1,917,194,8,107,0
N017776,2764,1043,889,1,704,101,13,1857,0
N017875,2494,1202,170,0,562,151,54,1485,1
N018011,1497,2023,511,0,300,706,17,502,452
N018050,3354,743,0,1,183,444,15,43,18
N018096,850,1320,596,2964,442,244,115,132,746
N018103,3634,1248,663,0,1827,212,363,276,205
N018148,1858,2101,1866,2128,390,1,162,50,143
N018282,380,3888,1032,1201,243,43,346,464,269
N018457,1353,1261,405,1,1418,2462,299,50,205
N018473,5504,1690,547,0,649,0,517,74,61
N018491,2864,3740,151,2,728,51,17,34,458
N018495,1624,2596,566,1,2667,280,135,97,188
N018557,2784,1398,632,1160,408,127,377,199,114
N018560,269,2332,80,4353,959,0,108,40,52
N018565,3528,792,0,0,145,329,53,179,0
N018580,3861,1097,303,0,553,1469,580,180,196
N018586,414,2035,2827,0,933,89,1312,22,499
N018588,6,38,1,8397,11,38,0,2,5
N018616,4269,1032,1430,35,346,190,330,92,436
N018781,4132,1796,379,0,449,380,465,179,176
N018784,247,1454,543,4543,164,65,357,45,53
N018804,1577,4959,1506,0,571,0,223,53,70
N018972,3006,1894,2786,2,155,247,239,46,472
N019128,280,1392,396,5498,312,10,468,91,54
N019229,6187,413,632,0,134,680,0,0,199
N019258,5887,722,39,2,658,115,478,120,80
N019431,3601,1007,1254,0,142,32,321,235,101
N019433,4058,2137,1065,4,204,3,265,125,61
N019492,2702,1076,519,0,159,1439,392,450,123
N019700,1104,1451,609,841,504,1101,188,276,304
N019839,5434,414,11,0,362,268,45,462,18
N019859,2954,1500,1315,352,288,233,356,112,750
N019891,1733,2927,736,1307,460,2,474,45,208
N019929,2866,2018,1405,0,680,1297,231,107,123
N020001,4237,1065,488,1,689,92,338,178,222
N020074,1031,1233,561,4313,486,71,368,135,210
N020171,768,2256,611,3542,136,14,299,63,244
N020277,3143,915,470,0,432,3348,0,148,417
N020337,1205,2598,1031,0,697,545,91,233,490
N020393,2228,1542,950,1,1452,51,266,0,644
N020452,2940,783,2856,0,603,539,71,19,873
N020466,2577,742,0,4232,371,14,0,259,1
N020467,3749,1818,2159,2,543,1,226,72,132
N020582,4083,1082,148,0,609,1022,955,54,267
N020589,2585,2013,381,0,89,883,5,267,388
N020596,4928,768,1807,0,365,110,301,443,57
N020632,1487,1540,1041,2224,309,24,432,288,269
N020687,490,874,1709,1290,114,268,162,84,191
N020811,3919,601,1026,2,285,64,469,95,120
N020828,4924,1502,835,0,847,214,369,126,153
N020839,414,423,336,6408,247,691,37,14,110
N020974,5344,1209,0,1,822,4,0,902,0
N021032,1926,4125,518,0,127,180,638,196,142
N021047,2052,1990,796,0,118,2,1182,153,49
N021098,713,919,1286,4752,182,564,85,38,47
N021262,5950,1245,284,0,351,1,1,228,260
N021327,2129,1236,1882,1,666,174,411,59,336
N021328,3931,676,141,0,789,1138,527,0,0
N021357,7569,727,186,0,475,17,72,185,97
N021436,905,1765,1160,0,1362,1880,439,72,319
N021574,810,1270,607,1989,634,742,0,0,1
N021753,5385,1148,100,0,329,432,376,1,3
N021808,1952,560,2099,1976,219,105,138,311,139
N021838,4235,678,82,476,344,40,150,286,17
N022059,4318,416,8,5,494,538,92,615,0
N022066,5962,491,403,0,485,460,176,169,220
N022127,1728,2547,2031,0,112,34,204,122,47
N022145,289,6121,1208,12,116,64,261,288,120
N022170,1748,1356,840,2169,220,19,94,149,931
N022201,3286,671,234,28,84,3,1719,53,52
N022274,1174,1207,1470,2673,323,4,412,274,15
N022289,2501,839,807,0,533,1558,144,2,447
N022370,4199,1874,1190,0,309,83,342,209,186
N022431,2839,1952,1024,1,139,105,896,171,810
N022487,7597,835,93,0,408,0,32,280,16
N022502,4388,1200,305,0,397,112,215,492,103
N022592,5173,1485,206,0,978,39,94,130,255
N022636,4802,924,1,0,654,1470,1,0,11
N022708,3980,997,10,48,380,66,119,152,36
N022765,3410,240,22,0,117,460,278,30,12
N022776,3660,2218,772,1,249,231,14,151,362
N022855,2284,2587,349,3,173,53,48,537,272
N022965,3810,1447,221,3,691,0,301,222,173
N023037,1589,1212,520,2,257,36,59,715,203
N023049,1830,3071,383,0,613,54,587,360,227
N023251,1084,855,1183,4230,524,219,326,32,143
N023301,4333,640,105,0,353,495,430,641,27
N023393,5251,1281,1,0,254,282,7,453,4
N023399,2353,593,919,1,617,2447,250,734,372
N023421,1280,2007,676,0,458,1731,47,277,568
N023439,1035,1144,840,3918,331,37,92,255,212
N023454,3757,1333,1281,0,451,226,399,30,460
N023486,993,2881,1943,1,146,55,511,28,131
N023490,1132,635,1281,0,893,1430,602,87,110
N023796,7698,246,0,0,160,298,132,136,100
N023920,3019,351,0,0,489,1412,5,0,1
N023947,1030,939,3,5102,537,119,234,394,378
N023970,2936,1239,720,0,306,251,858,485,421
N023978,1563,414,654,3520,234,962,36,61,2
N024049,2664,1389,1179,1,857,645,880,94,532
N024067,3360,918,263,0,391,682,1203,644,213
N024068,411,1166,120,1,439,415,24,13,45
N024160,2610,515,692,2,494,741,55,365,0
N024268,3524,289,80,1,120,375,60,369,93
N024416,3652,1083,443,0,391,136,562,322,70
N024447,4039,1665,2,1,299,175,331,848,0
N024454,3756,1049,736,0,656,868,232,216,283
N024455,6340,223,784,1,378,494,73,55,0
N024572,3467,1028,821,0,205,1027,367,161,384
N024579,2025,4778,473,0,104,64,515,239,125
N024682,4175,242,1378,0,1547,143,188,398,567
N024704,5497,647,94,0,771,55,346,519,27
N024797,4852,822,661,1,353,894,0,453,108
N024935,3891,1267,238,176,786,279,153,614,164
N025005,1532,2143,1761,0,329,215,413,259,492
N025034,2157,1205,1535,0,997,1065,158,44,400
N025076,2247,1063,1208,1,1187,171,59,356,114
N025142,887,1419,1760,1275,1365,690,206,26,149
N025201,4637,1250,1544,0,249,85,450,22,212
N025271,4686,964,1389,0,936,163,138,15,97
N025300,2526,988,596,2231,376,86,446,175,94
N025689,2256,2493,973,0,315,500,580,138,281
N025704,5373,1299,952,0,251,0,197,265,62
N025707,4832,969,82,1,581,373,284,345,218
N025720,4592,1171,1610,0,71,893,854,34,248
N025811,3250,653,994,1,475,677,108,411,0
N025870,1063,971,536,4096,213,59,190,181,87
N025872,3120,429,230,7,50,3742,36,148,585
N025906,3481,1904,1,0,277,885,22,422,216
N026022,2727,1453,781,68,540,542,399,93,130
N026165,2335,1465,1036,697,295,247,211,234,329
N026253,786,859,763,3638,422,0,1768,31,78
N026359,5334,745,1715,0,129,37,180,110,204
N026479,5797,1700,503,4,213,294,62,155,0
N026529,707,4527,232,0,205,74,75,58,1534
N026538,1814,2374,1441,1,290,1204,54,168,213
N026547,1116,1694,1227,2320,677,36,1410,11,264
N026551,3990,840,739,0,358,397,1422,120,0
N026604,2559,1033,1875,1704,486,12,316,87,132
N026619,2880,1714,352,0,730,791,87,607,32
N026647,2421,1282,790,0,387,1029,283,653,320
N026771,67,919,868,0,1901,2897,128,0,0
N026832,3423,833,1490,0,288,448,141,399,892
N026838,5468,1052,516,6,468,3,490,199,325
N026982,1945,2478,1337,727,810,125,399,92,236
N027007,6517,606,28,1,144,211,161,656,48
N027144,5756,795,545,1,155,25,3,270,0
N027207,1583,403,251,4601,169,1,296,136,95
N027212,682,2244,1086,0,766,1988,269,412,379
N027290,3907,1042,488,124,283,19,1061,362,153
N027348,1325,2784,372,1,295,1358,73,144,1201
N027353,272,476,324,5932,96,188,116,253,64
N027510,2832,851,1001,1541,312,59,750,189,254
N027557,3005,893,875,0,891,556,80,170,66
N027618,201,3447,783,2701,584,194,436,10,185
N027630,560,1587,87,2966,440,90,154,62,15
N027711,2611,1173,458,0,397,1302,51,239,137
N027751,2213,1442,1820,2,1040,166,638,231,97
N027875,6888,722,223,0,248,1,41,239,75
N027901,3930,1200,358,0,210,210,554,447,698
N028101,264,416,155,6866,280,9,329,47,23
N028108,3234,1655,571,0,348,565,567,199,384
N028196,239,1171,913,4957,185,9,130,73,52
N028260,3766,1153,366,0,874,1184,239,182,246
N028387,4869,1253,518,0,683,459,62,289,277
N028388,2674,1551,337,1,139,568,733,206,103
N028435,4688,1878,496,0,256,729,237,138,323
N028509,304,1642,137,5363,165,4,80,75,431
N028559,3472,1107,1729,0,901,26,317,0,180
N028615,3215,1148,638,189,376,1245,62,176,660
N028646,2522,2015,1020,0,915,134,639,189,429
N028656,2723,1497,1066,0,511,586,686,24,240
N028657,1292,3683,96,0,143,1135,47,288,447
N028664,4316,1389,535,0,427,269,159,254,201
N028897,5142,1110,1163,2,607,72,0,715,16
N029083,4573,1991,170,5,248,618,77,508,1
N029157,3797,962,223,0,1008,2,94,170,138
N029348,1375,1253,1454,759,555,580,417,323,411
N029396,1756,1530,0,2437,203,129,7,1129,11
N029399,1131,742,548,4651,647,230,60,37,276
N029453,4467,627,1137,226,104,316,374,774,89
N029510,2306,2381,185,130,404,238,293,325,433
N029541,5371,791,612,0,790,5,0,477,0
N029675,4905,1384,125,1,458,1,295,108,246
N029689,2090,892,1783,0,1232,1028,123,49,381
N029845,5206,535,1,0,287,5,346,1092,0
N029861,681,650,373,4822,455,689,46,58,356
N029886,2956,1049,1353,0,1044,489,812,117,1
N029914,3413,1306,1527,1,412,315,275,418,0
N029962,3325,2377,904,0,378,179,202,0,628
N030002,1991,794,187,2371,167,108,106,358,89
N030074,611,1251,1164,3463,189,63,22,7,60
N030226,5555,493,1170,0,210,1160,0,148,0
N030233,1068,2518,2412,0,546,496,523,21,404
N030284,694,620,941,4706,216,181,163,265,190
N030321,3416,1596,1440,0,832,70,292,244,0
N030370,2735,1601,854,0,967,1294,296,83,275
N030381,4273,1008,1504,0,305,117,664,25,309
N030397,4371,1283,1415,0,144,168,278,137,75
N030472,866,2153,979,786,368,505,1195,62,205
N030569,5173,374,332,0,409,566,78,371,2
N030586,555,1735,543,3571,306,26,193,169,112
N030632,4323,1088,1209,0,83,362,104,286,878
N030752,397,1207,714,4008,443,207,363,210,159
N030909,4635,1424,1388,1,647,61,321,123,82
N030993,762,892,321,0,402,3953,381,56,87
N031006,4248,1646,630,3,104,151,728,347,233
N031031,1,3777,0,210,455,2362,0,0,0
N031091,2211,240,22,0,172,1108,148,171,141
N031214,694,2770,2386,1277,246,331,57,137,156
N031221,2871,2543,1358,0,307,174,654,63,147
N031372,5567,551,133,0,340,117,31,327,31
N031412,2150,1024,1427,0,1016,2254,128,397,674
N031449,2808,366,626,2801,1161,294,430,475,194
N031487,2893,1294,1239,5,130,1010,308,127,382
N031491,1690,1467,0,4,4773,11,436,708,0
N031544,4978,1649,0,0,742,284,6,729,0
N031567,475,3508,1700,101,201,177,1339,23,959
N031615,1295,1559,81,1900,718,165,441,367,177
N031751,4835,876,1897,0,260,78,464,121,3
N031814,2611,1218,3015,1,97,495,100,51,433
N031828,579,824,498,6299,593,10,80,89,25
N031911,7542,150,33,0,97,0,18,1315,4
N032119,6217,753,44,0,1364,19,93,228,0
N032171,3334,1733,647,0,706,889,707,65,0
N032223,4185,644,671,0,307,406,614,1069,370
N032273,810,730,673,4545,215,23,86,555,109
N032294,761,2087,646,4264,113,1,70,241,304
N032344,3715,1812,1766,0,861,517,444,250,0
N032352,2851,750,552,3,836,904,671,462,0
N032396,2998,1131,596,0,3510,0,373,60,103
N032462,4194,720,1946,0,561,180,214,304,821
N032561,505,1615,267,4012,176,21,393,99,105
N032646,2175,1646,655,0,115,1334,36,540,328
N032789,2378,1762,438,0,865,0,282,22,287
N032863,5680,1502,2,0,285,141,0,251,0
N032898,3929,1104,252,0,1278,1088,122,285,0
N032936,3388,1721,249,0,1415,256,602,229,611
N033013,4891,751,880,0,471,339,197,237,111
N033079,525,1392,2091,3,1211,615,431,7,304
N033279,2042,3697,189,6,224,75,421,453,219
N033320,2588,1268,322,555,647,324,19,579,253
N033380,439,1068,1173,5243,118,60,196,52,126
N033464,1318,1625,1772,1438,184,46,240,100,227
N033514,5,2201,2,0,1409,2861,616,0,0
N033806,5342,586,1953,1,259,54,270,60,205
N033869,425,1335,826,4397,128,212,453,87,102
N033878,5011,533,220,0,823,125,107,355,0
N033882,1385,765,389,4213,569,202,72,199,174
N033959,3911,391,39,0,1008,116,238,382,23
N033988,3754,860,1475,0,380,1155,42,275,180
N034035,404,866,372,4641,246,54,238,132,277
N034288,1756,258,882,4676,114,444,24,114,120
N034306,3149,1062,0,0,1087,2634,92,184,0
N034427,1529,815,3272,0,106,75,352,18,403
N034483,6499,493,1118,4,886,64,136,181,1
N034486,1264,848,0,3598,362,188,211,154,220
N034763,5682,1034,16,0,670,162,28,253,0
N034765,2652,993,738,0,439,49,360,33,416
N034854,4399,939,0,0,598,43,60,77,0
N034857,3157,1789,766,1,482,187,1,121,0
N034884,6266,333,0,0,160,87,0,309,24
N034958,5580,922,503,3,841,129,39,82,0
N035062,5422,559,1007,1,414,163,643,281,306
N035246,1374,646,539,4649,163,199,223,295,127
N035302,666,2200,90,2,215,1235,179,33,137
N035391,3848,564,395,3,270,1078,13,1278,419
N035400,3713,1727,25,0,25,47,1,3306,12
N035415,2487,1425,1490,862,446,46,788,267,135
N035509,1741,1364,793,4,428,962,835,185,356
N035564,1947,1615,2580,1,723,733,187,122,493
N035624,654,3764,558,3,651,331,97,168,178
N035668,433,541,493,5801,199,185,45,24,219
N035715,1473,571,1631,0,437,2730,269,36,377
N035720,1904,2430,1071,55,277,251,793,164,83
N035996,1210,2483,1095,14,304,1352,302,107,455
N036085,2939,617,1452,1,995,1333,314,441,229
N036259,1863,480,318,3949,393,168,192,85,77
N036301,629,702,999,3,656,2416,337,57,860
N036418,1362,3103,1593,17,148,417,102,195,171
N036457,1180,3386,949,7,459,317,541,133,283
N036492,6076,1069,306,1,325,40,470,67,0
N036550,1374,1540,1598,2,1249,272,571,116,159
N036610,3304,1183,703,0,279,162,629,284,328
N036997,473,353,278,3818,329,172,20,2014,112
N037054,3410,1005,388,2,243,1598,286,376,244
N037186,649,2952,2189,2008,66,176,287,53,35
N037285,3563,1617,599,0,199,413,270,264,216
N037379,2884,1646,1701,1,352,454,324,156,227
N037380,6601,311,1,0,146,9,1,203,106
N037430,2772,1389,1145,1,134,5,621,30,176
N037519,3926,2474,544,0,332,344,355,73,205
N037546,4563,1458,197,0,425,455,89,410,136
N037611,2026,1941,908,510,419,406,416,375,205
N037616,5616,289,695,0,51,333,73,815,177
N037636,2873,1538,443,945,1010,26,867,118,81
N037694,2895,987,340,672,405,332,618,913,175
N037844,3155,1227,759,1,383,1463,274,416,216
N038073,5242,331,931,0,125,1324,156,0,184
N038159,775,517,353,5099,157,95,107,830,589
N038170,2103,2112,422,0,531,1220,111,439,343
N038188,477,3361,996,2487,139,5,1238,7,218
N038286,4162,1610,1714,0,268,19,133,92,517
N038360,4460,1020,824,0,523,172,341,200,0
N038396,2141,1668,2713,1,649,0,429,834,271
N038450,2295,900,1020,0,1029,1584,112,831,188
N038466,4041,1160,938,1,658,448,113,0,241
N038515,1260,3403,725,1196,271,3,1641,29,163
N038522,6676,722,1302,0,93,60,160,1,58
N038612,4887,1177,0,110,628,872,51,173,0
N038683,2970,1379,2624,2,797,117,217,125,607
N038737,1667,1523,895,729,332,431,410,261,316
N038748,120,3504,249,5434,107,7,68,20,26
N038765,811,1006,361,2087,68,263,135,93,39
N038820,645,3045,851,1848,404,122,195,223,109
N038905,2758,782,1815,0,251,716,635,205,448
N039116,2743,2812,244,0,2069,0,22,192,258
N039194,612,467,1004,4877,1224,173,112,13,422
N039362,1426,330,615,3136,2542,436,293,302,281
N039370,4759,1024,499,0,277,732,39,549,89
N039431,2703,1420,1393,0,523,1402,357,319,264
N039508,3347,1195,2608,0,555,182,275,48,225
N039640,4681,997,1307,0,212,172,76,280,589
N039685,5450,749,1866,0,416,248,120,1,12
N039700,3047,303,897,0,640,1945,359,463,40
N039751,3881,1218,1211,0,810,313,462,217,428
N039784,84,385,718,5521,353,93,83,18,101
N039814,2336,1270,3,0,616,2074,132,470,0
N039826,4870,1110,913,0,514,152,604,215,195
N039861,3034,1319,2179,9,192,1007,125,121,287
N039966,4729,2096,254,1,1181,639,0,88,1
N039995,2356,1959,854,0,263,81,875,358,399
N040013,5273,1173,1688,2,472,346,108,107,104
N040039,3915,1232,781,0,764,158,320,522,150
N040059,2987,937,1666,0,600,1296,120,252,11
N040080,1077,222,222,5532,75,94,147,48,26
N040300,3743,962,1117,0,367,495,439,399,0
N040335,313,5954,998,131,81,71,334,87,249
N040544,4319,707,2500,1,420,718,125,527,77
N040588,3735,1350,1601,1,373,41,466,279,298
N040598,853,1411,1781,1211,487,1296,217,118,12
N040768,3233,1151,1068,0,538,807,583,174,507
N040781,2573,1671,3062,4,228,40,1092,95,156
N040975,4623,803,622,0,571,63,196,564,386
N040979,3233,972,1012,0,1816,0,522,112,340
N040991,1382,528,47,4419,229,65,174,259,0
N041101,3426,461,1624,3,655,2514,57,0,131
N041216,4512,434,100,1523,245,119,39,196,40
N041338,5705,881,0,0,32,194,0,569,0
N041388,3365,461,99,0,916,1676,36,944,0
N041506,3754,739,1203,0,261,479,566,392,459
N041509,7190,390,226,0,137,321,98,257,35
N041546,2659,647,895,0,2510,251,227,979,106
N041554,1161,929,764,4268,395,438,58,301,185
N041588,4488,1049,215,1,358,1058,528,303,66
N041614,2228,1304,642,2602,119,9,539,154,153
N041651,153,4865,1776,373,161,0,28,47,244
N041826,3022,2017,998,0,944,39,632,68,658
N041864,3139,395,803,1,75,1218,0,599,0
N041981,7619,349,4,1,148,115,130,547,9
N042105,1957,2475,1406,2,360,722,456,73,415
N042119,4658,1150,298,1,643,756,275,368,107
N042145,1560,1229,758,3364,410,379,196,159,2
N042152,4380,463,1033,0,310,1885,113,240,0
N042188,6948,945,1,0,301,2,0,250,66
N042217,4576,899,955,0,415,910,196,693,0
N042249,3016,3346,202,9,79,77,12,465,182
N042279,432,1420,422,5,567,2849,351,162,119
N042359,1784,1752,1334,1,166,374,359,914,269
N042500,5000,1289,1472,0,238,529,218,92,178
N042567,1630,1155,1385,3484,221,5,367,217,90
N042590,2942,926,380,1,863,5,918,99,61
N042681,3128,286,216,0,264,2095,470,0,418
N042683,1536,879,959,3492,123,172,214,149,205
N042699,2,267,3757,53,824,1351,261,0,1
N042735,4600,957,1447,0,391,238,895,669,36
N042764,5215,1213,0,1,672,590,0,180,0
N042777,2729,1228,343,3,793,1260,3,630,201
N042952,4351,979,1159,0,236,812,238,197,199
N042981,3439,790,381,2,208,386,175,457,88
N043084,4865,751,1626,7,61,647,248,131,79
N043089,3849,1249,876,1,433,190,249,526,600
N043250,5068,1199,534,0,143,300,37,202,369
N043324,2350,832,60,0,3304,23,41,312,1166
N043352,5126,1139,514,0,297,5,382,121,9
N043494,2284,495,802,0,435,1371,373,64,0
N043497,7243,939,0,0,651,8,36,92,0
N043515,5193,646,1750,0,873,2,218,0,218
N043620,3474,1299,688,0,582,255,890,213,23
N043702,2635,2113,473,1,325,903,0,955,0
N043727,4071,589,86,0,207,815,196,98,1067
N043730,2135,2053,3293,0,204,447,494,0,160
N043760,2866,1659,2333,0,380,36,310,46,276
N043841,1996,1115,641,2534,330,65,320,199,121
N043879,1776,845,767,3268,615,128,440,278,73
N043952,1396,2084,1306,1828,140,0,106,115,120
N044010,1477,1729,1748,369,542,809,356,115,404
N044086,1410,2534,245,68,790,1440,21,179,185
N044110,2087,1112,513,0,726,1407,30,143,0
N044126,1478,999,458,541,1348,15,117,190,47
N044302,3559,783,93,0,678,16,153,262,10
N044370,4135,1422,3,0,555,23,1055,560,0
N044484,2425,391,334,1068,307,59,205,1052,343
N044517,3828,947,1555,4,752,56,332,0,969
N044651,3255,2401,1281,0,494,330,0,232,1
N044661,3430,2117,0,0,1288,572,1,288,0
N044882,3176,1252,695,3,712,456,268,72,567
N044914,1756,1245,1695,0,1840,648,1109,0,8
N044938,1925,544,1976,0,150,2475,596,211,297
N044953,2610,494,2,0,208,5591,0,96,13
N045014,1051,2916,200,2153,175,244,163,292,502
N045033,4190,1212,507,0,477,194,308,259,342
N045184,1284,2942,551,963,391,40,187,270,193
N045217,2619,1894,759,6,385,401,355,254,1065
N045309,1691,1090,618,3732,232,69,121,107,564
N045325,2272,2462,941,254,192,90,432,223,223
N045463,2090,2933,1479,827,589,22,326,59,112
N045473,3074,2263,751,2,197,1730,4,168,114
N045480,1502,688,546,4610,476,16,52,45,30
N045577,4564,760,155,0,363,283,379,537,121
N045716,5164,1007,254,0,677,574,422,353,95
N045808,831,2328,1195,954,328,878,78,101,264
N045843,1581,2369,2747,0,538,65,570,29,552
N045862,4074,1489,790,2,399,735,184,319,37
N045939,2953,1875,199,0,1167,0,742,0,409
N045948,2354,998,976,0,385,168,72,1006,79
N046004,2521,1256,117,0,679,20,88,32,0
N046036,1194,2918,1421,1,243,323,115,72,197
N046050,3866,977,1704,0,1066,22,9,306,136
N046076,337,1600,2162,4532,58,2,135,84,46
N046103,3975,1178,1978,0,300,499,63,172,252
N046177,4249,758,158,2,528,1076,144,422,33
N046190,4026,2244,806,0,1322,13,171,1,19
N046258,2520,942,1019,1506,192,104,330,1146,370
N046321,187,271,8,4763,0,324,0,19,103
N046344,5252,427,333,427,1419,332,408,0,313
N046445,2079,1396,904,0,620,85,255,79,549
N046528,1602,1141,1249,0,948,261,456,86,355
N046567,1298,1672,628,3074,657,7,493,43,0
N046599,228,2540,1124,4237,56,9,211,128,187
N046670,1128,3374,1729,0,629,115,466,191,305
N046731,6440,563,0,0,96,4,18,288,3
N046733,988,871,2105,0,1787,846,1245,0,0
N046780,1921,1229,834,0,294,1370,330,91,298
N046790,4549,1006,1193,0,137,316,257,207,113
N046902,5675,746,512,1,688,233,0,291,4
N046936,814,1273,1914,4097,108,399,242,15,53
N047117,3956,2219,65,10,51,529,225,53,204
N047144,1577,1428,4233,0,127,186,104,0,264
N047317,110,303,1,5909,71,0,3,17,8
N047356,5732,394,863,0,237,92,520,246,745
N047388,1978,2756,1345,27,297,143,96,729,22
N047452,4950,592,765,2,159,110,6,670,479
N047579,4172,547,503,0,437,758,478,760,336
N047592,4247,662,1741,0,477,115,89,110,0
N047660,5177,567,71,0,676,638,46,104,16
N047682,2337,2440,641,1,328,501,292,221,393
N048014,2198,1160,691,0,698,667,590,229,1035
N048082,4524,1280,1288,0,763,455,101,220,109
N048143,1934,1244,1411,0,525,138,358,26,1284
N048240,4927,1927,0,1,385,0,52,33,0
N048375,1899,1021,849,0,1444,651,152,70,90
N048408,2377,3177,202,0,1106,350,166,347,88
N048429,320,318,625,5394,135,373,237,733,127
N048506,4120,1396,0,0,71,280,0,713,0
N048542,2557,221,754,6,2285,2756,44,0,722
N048575,1035,690,422,3243,701,240,188,22,14
N048684,2332,2778,1323,0,317,206,661,211,269
N048710,1959,1181,33,0,312,0,24,0,28
N048815,4663,1275,687,0,998,1,154,82,232
N048818,4517,840,599,0,278,212,355,170,24
N048838,1799,3798,772,0,294,244,111,254,166
N048973,5104,505,713,1,1050,485,224,430,19
N049068,190,1122,740,4838,369,591,252,37,131
N049156,4801,478,0,0,384,6,80,257,0
N049257,6218,549,882,0,296,33,365,85,158
N049326,1225,1005,1358,3810,472,96,220,66,69
N049473,1213,2841,1069,329,225,490,60,624,290
N049589,1493,3255,1584,1,86,211,365,169,150
N049636,4370,672,723,2151,73,25,82,51,15
N049685,3546,1400,827,107,568,371,174,381,276
N049733,614,1252,304,4009,215,17,275,353,50
N049737,2260,412,353,4,120,5578,218,0,12
N049741,6819,460,463,0,189,171,24,306,339
N049764,2906,549,1241,50,976,1980,174,524,513
N049874,2942,1538,1993,1,478,335,720,0,365
N049975,801,1225,1,0,2198,16,1451,67,0
N050068,2079,1071,2101,0,819,1505,21,282,29
N050197,3563,1972,901,2,387,198,321,500,423
N050216,2225,2175,1113,1823,386,9,63,551,39
N050274,473,3512,3870,41,309,21,41,83,205
N050300,5163,395,44,0,160,45,192,281,44
N050458,4668,1766,1002,0,552,71,559,16,2
N050719,3741,1069,761,2,210,161,547,645,121
N050774,509,1324,2493,3367,109,168,523,158,71
N050785,3004,1055,852,0,1018,1036,443,373,208
N050831,4184,962,3,110,465,2007,267,0,0
N050938,3084,1606,818,2,1476,498,0,0,0
N051020,6089,369,649,1,71,93,590,353,0
N051030,4310,1469,1326,0,403,0,435,300,321
N051056,4101,1009,316,0,623,490,328,70,298
N051085,3538,1002,945,0,1002,1166,236,33,190
N051089,5382,713,950,0,163,551,87,884,397
N051111,2215,637,0,0,749,181,0,130,0
N051148,4112,1385,189,0,685,30,71,713,19
N051190,782,1579,1286,3705,420,202,76,109,159
N051197,3578,1437,177,0,648,643,456,237,123
N051207,6064,1545,1,0,414,143,88,488,0
N051286,5823,263,29,1,82,549,3,469,0
N051377,1978,1463,1216,7,564,1574,367,20,279
N051474,271,663,1766,3783,236,110,659,323,171
N051551,4522,1175,95,1,150,164,335,395,13
N051668,4813,226,1,0,1138,771,0,724,227
N051719,2324,2260,1493,0,1035,994,274,162,240
N051776,2094,1808,2,0,635,22,0,108,0
N051783,3117,1530,693,0,517,393,6,357,281
N051788,1264,3284,1379,0,357,116,618,117,680
N051967,1357,614,393,2970,131,365,54,470,145
N052001,811,1443,780,2959,419,50,234,316,176
N052060,2909,1032,774,1,697,368,720,395,313
N052065,5588,193,7,1,66,890,1,2159,18
N052082,5427,1609,650,0,53,216,602,162,53
N052091,6972,380,30,0,256,30,145,114,7
N052174,3925,2018,7,1,1493,153,15,0,0
N052238,4310,1575,946,2,427,90,434,508,179
N052337,4249,820,1392,0,543,437,107,0,547
N052439,5774,1136,0,0,1349,221,91,0,84
N052442,3130,790,889,0,1297,0,808,0,163
N052505,4268,943,0,0,376,813,719,543,293
N052668,2992,1271,712,0,945,276,774,431,394
N052680,4801,1176,152,1,174,996,4,381,582
N052792,5295,1472,83,1,847,258,0,832,0
N052839,2909,1359,1078,0,1262,1,431,555,130
N052883,3444,1021,501,0,2168,434,33,0,18
N052945,4378,365,26,0,313,221,810,1069,0
N052946,4810,1059,154,1,539,5,513,240,61
N053001,888,1923,925,649,676,477,111,521,614
N053010,2846,1295,1256,0,107,232,363,48,180
N053117,1745,1440,1007,0,706,259,514,117,546
N053127,699,4741,812,246,115,21,255,213,107
N053159,3758,1272,1724,0,610,322,923,0,0
N053212,2710,1553,990,1,358,490,607,75,272
N053235,356,2247,608,2299,494,17,78,203,170
N053245,4784,776,185,0,525,868,104,475,44
N053355,5945,486,1,0,69,187,101,541,0
N053417,3789,2055,1144,229,109,43,268,307,438
N053550,4813,266,34,0,519,2593,37,0,0
N053578,4814,562,48,36,451,900,387,644,44
N053709,3440,1442,713,0,718,731,413,249,682
N053722,3690,363,967,0,1256,668,1209,185,271
N053817,2167,689,1,4,628,2736,101,270,136
N053940,4673,1081,1093,2,220,279,206,324,263
N054035,1740,1460,680,1415,222,32,483,19,359
N054036,4730,636,3,2,2013,202,1,1060,0
N054086,1029,1463,693,2505,542,1570,138,148,192
N054262,3284,886,1393,4,1335,428,410,194,537
N054299,4768,2973,8,1,175,47,243,155,299
N054305,1071,4551,230,172,111,431,111,99,456
N054468,2121,978,508,0,790,273,557,438,212
N054476,3217,1823,1723,0,135,390,674,35,165
N054478,1679,2167,761,2530,289,44,380,424,145
N054496,3133,1041,1077,0,1082,161,509,2,181
N054535,4176,1247,0,2,1944,1709,0,248,0
N054544,4363,1260,1113,1,168,253,848,95,209
N054623,2473,1940,739,3,268,560,393,385,532
N054747,5043,1242,397,1,1058,0,340,135,247
N054824,2877,973,1168,1057,650,626,117,202,161
N055003,2881,2077,444,4,268,52,554,1044,236
N055026,2250,736,4,2,276,3993,656,0,1
N055062,2513,1015,1290,0,1067,478,583,216,0
N055165,949,688,170,3235,99,101,93,371,36
N055170,5348,703,44,0,261,114,195,618,61
N055194,4401,1086,683,917,781,23,621,62,187
N055207,3056,1023,682,372,479,309,235,239,439
N055319,6144,363,355,0,320,190,0,889,157
N055370,2136,1738,1630,0,356,368,1264,410,22
N055393,3211,1503,1465,0,482,681,299,66,164
N055433,3262,1803,522,0,241,299,86,316,289
N055491,1237,1993,134,3481,304,0,49,169,4
N055599,3779,615,248,0,47,434,1765,245,905
N055613,3927,1147,579,1,320,257,184,776,159
N055632,5662,1122,360,0,643,140,24,193,59
N055833,775,3749,396,2234,101,28,257,244,19
N055847,1733,461,357,0,683,3447,167,0,0
N055977,5611,791,1077,0,363,190,258,34,51
N056037,1479,250,315,4978,192,111,5,40,57
N056065,3393,824,869,2,1027,748,258,414,155
N056286,564,1337,30,0,785,1214,119,0,0
N056322,5268,999,1499,3,237,98,790,57,1
N056369,4741,1053,329,7,1341,315,0,534,314
N056381,1322,778,1211,4694,137,55,66,190,83
N056382,973,933,1498,3753,267,15,58,219,40
N056390,267,167,129,0,135,4676,19,41,76
N056433,207,354,291,7524,417,16,50,6,34
N056452,1424,3522,1208,0,131,137,475,102,416
N056643,4548,1394,574,0,345,172,197,129,187
N056686,3940,576,944,1,106,539,157,1668,6
N056902,3421,1842,1034,0,147,73,713,203,30
N056955,3974,1667,1858,0,327,238,443,0,73
N057130,1559,2388,172,4056,230,109,229,59,41
N057149,2585,966,181,0,557,343,1,89,0
N057182,4032,788,2,1,521,1147,373,313,0
N057234,2191,1420,2,0,1411,181,110,575,121
N057245,2013,692,1673,0,1029,569,338,1939,368
N057354,4400,3442,4,0,1531,2,0,2,0
N057387,5846,935,713,0,335,1,375,115,51
N057389,3896,592,0,1,2222,409,4,381,0
N057420,1464,2060,1548,3,575,449,654,193,50
N057452,2271,2709,269,0,1258,244,16,391,100
N057518,4305,1400,2195,0,872,1,87,0,0
N057538,5351,534,1649,0,64,232,34,136,6
N057549,1918,401,77,1149,1335,26,329,117,0
N057711,1475,1268,927,1,1397,605,1242,243,505
N057712,2175,415,373,0,485,4233,432,417,0
N057717,3513,526,1014,0,1148,463,281,342,301
N057739,3637,1048,0,1,391,603,683,178,266
N057781,2294,743,643,1,669,2207,63,0,590
N057849,1966,1077,835,3039,265,677,219,212,178
N057896,1019,3489,1700,894,145,70,208,151,309
N057948,2750,1039,1189,0,354,164,750,0,186
N058292,5320,1202,758,1,262,150,46,694,243
N058315,689,552,1121,4197,392,163,128,68,1115
N058324,1780,1356,1038,2092,364,0,641,136,204
N058341,2961,1473,1358,0,426,438,1156,564,13
N058464,861,778,637,5408,498,82,111,91,156
N058699,2228,538,951,1,1531,346,410,137,0
N058708,696,1419,1243,3927,477,301,246,1,411
N058718,4617,1565,0,0,4,5,2,0,0
N058723,4433,830,1555,0,301,691,536,145,0
N058726,1643,1099,646,0,1667,605,1781,42,803
N058827,6456,232,664,0,56,1102,161,190,7
N058830,3090,2143,371,0,1060,737,204,33,296
N058936,3351,585,2791,0,198,260,215,450,1
N058943,1367,3912,2127,652,138,57,126,124,68
N059030,1493,416,242,12,232,3112,5,82,85
N059061,4911,820,308,1,473,360,877,46,19
N059120,3293,629,437,0,618,2707,618,36,237
N059277,2230,1665,2343,0,320,284,418,111,973
N059336,202,949,1519,4675,356,12,213,4,96
N059363,2838,965,1483,0,628,966,526,0,419
N059374,5612,1632,705,6,208,11,129,59,143
N059424,2312,1972,727,0,858,203,639,489,168
N059426,2676,1736,4,0,629,1040,30,656,215
N059478,4053,1629,927,1,494,688,131,185,0
N059481,4980,772,1442,1,1477,101,366,0,0
N059541,5283,442,1282,1,179,927,12,309,117
N059576,5099,759,373,2,802,352,304,278,315
N059626,951,1725,609,3243,355,6,306,82,144
N059670,625,3315,2188,281,855,111,225,50,168
N059789,3769,1953,881,1,346,0,1043,224,689
N059966,83,2332,3499,66,193,0,349,14,151
N059974,4082,1858,373,0,1082,560,384,0,1
N059978,4050,378,0,0,171,2193,0,668,0
N060173,4195,1117,0,0,976,389,517,9,12
N060195,1474,3001,2262,2,189,616,911,46,297
N060217,3698,745,483,0,460,133,934,361,406
N060230,6285,788,80,0,328,271,91,42,43
N060275,3239,2225,2334,0,435,8,110,19,2
N060282,5491,584,2138,0,322,1,0,322,0
N060412,1135,2180,7,12,71,2578,24,910,52
N060430,3428,581,82,1,99,833,18,178,109
N060482,3584,980,987,1,443,140,722,731,530
N060527,1355,2484,273,2,677,1689,116,57,778
N060558,2578,1082,1163,0,1773,1051,319,191,1075
N060746,69,365,208,5336,68,238,16,26,66
N060779,4127,926,343,1,827,771,223,241,211
N060843,3572,1826,281,0,1193,382,495,177,215
N060985,2604,2856,719,0,542,193,193,123,344
N061132,4343,1072,1164,1,189,362,287,292,288
N061175,5270,1165,457,1,281,534,331,215,135
N061180,931,1488,394,4307,199,40,90,73,45
N061347,1170,314,132,7007,333,312,61,96,21
N061369,3115,754,537,2,494,1004,123,126,635
N061699,4924,1136,819,0,702,66,289,187,71
N061730,2986,2345,636,0,286,151,424,364,911
N061835,5421,892,355,1,464,143,122,821,144
N061886,482,3200,671,2330,53,469,159,127,194
N061933,4431,1307,3276,0,92,355,6,107,4
N061952,5811,1079,360,0,615,307,48,292,102
N061982,3074,1434,1,2,1960,146,1261,499,367
N062067,2420,2245,1395,763,271,30,185,83,175
N062139,2818,1351,1392,1,79,38,269,273,109
N062203,3288,1612,621,0,184,21,68,264,212
N062262,2214,2192,976,2,824,15,368,0,0
N062336,557,4637,206,0,140,10,142,76,324
N062409,5389,764,52,0,194,107,191,700,2
N062426,3817,531,3,1,137,56,104,911,0
N062650,4875,868,753,0,756,372,433,252,180
N062756,2169,3819,214,1,495,88,216,1187,133
N062779,2505,1282,296,0,535,946,824,1,1
N062816,150,910,623,5590,103,420,509,25,25
N062834,1210,1053,637,0,1680,1502,832,5,141
N062915,4997,1004,1881,1,223,243,167,147,152
N062918,4888,551,10,1,1052,45,1036,441,511
N062922,3695,621,1138,1,263,635,575,823,513
N062938,4253,733,542,0,440,283,560,369,139
N062969,5744,1215,615,1,87,7,944,74,98
N063229,7625,459,2,1,217,742,129,0,80
N063293,5162,1359,167,0,762,6,303,201,220
N063414,913,601,1768,2166,676,933,95,75,344
N063421,2353,3312,606,24,1559,92,127,100,0
N063424,3425,1392,647,7,415,308,319,293,279
N063441,4472,1341,1998,0,98,262,90,43,219
N063574,4944,1352,362,0,349,7,464,143,0
N063665,3626,613,874,0,303,585,699,80,137
N063891,3869,1996,666,1,363,2,69,53,302
N063966,4196,1276,1006,0,185,173,930,165,172
N064010,8157,844,143,3,374,2,0,2,0
N064075,841,2658,172,0,2700,118,91,63,25
N064118,4466,1139,2093,0,263,33,824,86,20
N064167,1005,2303,975,4,80,22,259,31,499
N064181,5926,917,0,0,451,364,0,565,0
N064182,6335,650,51,0,242,1087,7,297,290
N064290,3125,2109,1095,35,263,91,68,174,293
N064312,3187,943,313,8,542,606,140,99,12
N064314,5619,1146,221,0,259,54,568,361,0
N064323,302,2384,1287,0,984,303,624,43,717
N064365,1519,1531,890,1833,151,224,409,80,59
N064423,3189,1214,12,4,95,1843,3,227,2
N064502,2832,1923,2298,1,64,11,1019,0,231
N064530,227,5494,698,1631,175,123,159,13,180
N064546,3571,1529,879,3,483,235,913,322,15
N064648,1964,2522,1,0,1117,245,772,118,1178
N064657,1425,2046,598,0,491,1037,161,130,328
N064659,6139,476,795,0,44,303,63,0,0
N064726,6529,329,865,15,451,81,0,440,53
N064750,2266,1701,337,1,1698,1158,134,29,92
N064845,5521,1062,1,0,294,96,1,0,101
N064902,2373,701,2361,0,312,1603,95,467,4
N064922,4175,1102,520,2,504,363,563,88,13
N065143,2480,2083,296,13,1368,6,45,67,140
N065196,1190,882,968,4482,34,79,99,249,259
N065299,2048,910,79,2770,556,217,290,173,1
N065559,3988,874,707,0,498,1028,693,60,105
N065571,859,2693,2676,0,199,385,344,779,198
N065606,3677,1354,630,71,902,262,217,0,78
N065668,1715,830,139,3394,231,999,21,382,222
N065692,1772,1752,727,0,568,707,157,202,396
N065780,1134,316,35,2,183,2995,0,118,0
N065838,2482,3300,210,1931,173,39,209,142,122
N065914,4616,1343,614,8,165,1585,305,0,301
N065959,2876,2104,1148,2689,145,118,60,64,45
N066036,4398,827,440,0,872,81,1,578,0
N066070,2986,853,103,984,356,2,135,368,6
N066260,524,1782,3801,1,744,3,342,88,1013
N066443,70,741,1082,6695,150,8,225,9,24
N066505,324,376,234,6724,180,55,76,203,216
N066576,5753,85,0,1,0,999,1,1274,0
N066625,2144,2755,458,2,805,988,983,72,237
N066702,5659,1301,159,0,221,6,105,0,29
N066733,3910,835,801,1,444,842,993,283,184
N066736,3511,1747,186,2,390,1534,40,241,323
N066852,3272,1485,2202,3,113,478,451,153,335
N066880,5807,977,153,3,181,188,325,496,2
N067116,2652,1621,1448,350,964,29,896,0,198
N067226,3684,1591,2906,0,105,348,170,52,1
N067241,385,1022,1497,0,202,1152,827,10,144
N067251,4060,1445,11,2,365,12,11,87,1293
N067297,3679,974,2853,0,119,194,1201,52,62
N067308,39,860,598,6674,189,4,218,8,49
N067345,1924,2215,2586,0,206,263,244,150,380
N067503,3933,599,1,0,244,579,2,119,0
N067533,4904,1272,388,3,1212,133,340,164,0
N067709,1341,3454,890,0,158,51,110,160,398
N067776,5111,1065,456,918,224,274,390,204,22
N067820,5257,1429,850,2,114,242,70,156,463
N067822,293,1475,1112,5010,267,14,200,47,249
N067938,535,6422,112,6,89,296,46,127,308
N067942,1944,1485,1385,0,2298,1250,3,123,0
N067950,4821,1433,2139,0,153,1,36,48,7
N067985,1309,2191,1440,0,1293,23,860,54,221
N068002,6200,1143,0,0,658,84,203,295,0
N068152,99,4374,1241,127,516,601,623,30,100
N068165,3394,1174,1442,1,551,1463,99,574,147
N068174,2828,1449,850,1,1607,726,423,465,153
N068315,2004,2674,1301,2,220,322,616,462,135
N068374,3607,1213,1907,0,433,157,110,215,465
N068411,1219,1413,1540,2121,499,287,496,119,609
N068599,45,639,503,0,377,459,121,3,97
N068681,233,404,347,0,535,6668,43,5,0
N068687,4371,703,1271,0,1537,440,0,358,390
N068965,2727,2172,1072,0,285,326,275,205,208
N068984,2350,3180,1247,0,218,50,286,381,158
N069111,2168,1889,543,1,220,1374,333,595,28
N069132,3153,1198,1004,0,329,27,961,544,187
N069355,3197,1637,696,0,424,0,235,0,51
N069400,5193,1404,717,0,525,708,61,234,118
N069525,850,822,247,0,592,4356,3,42,2
N069598,6494,762,626,0,332,0,72,355,226
N069687,2803,1165,1888,1,236,1211,445,149,120
N069803,618,864,3081,991,67,749,94,62,146
N069834,3501,1274,638,0,966,29,1549,91,195
N070028,3560,1265,1467,0,261,229,27,109,82
N070088,5962,708,0,3,44,665,0,1108,0
N070187,2158,2194,2521,1,203,30,472,86,406
N070248,815,437,51,4948,438,0,24,79,0
N070251,1802,2661,337,45,694,407,194,274,618
N070315,3164,286,254,2,322,2157,43,311,231
N070358,2102,1574,3974,60,108,8,128,60,280
N070494,4187,808,1359,0,510,778,374,225,6
N070504,4286,857,876,1,743,118,437,147,163
N070511,2888,1971,2242,4,285,9,146,138,736
N070525,4051,1598,618,2,122,15,901,93,105
N070644,1612,1993,350,0,304,939,46,134,245
N070699,1484,1133,370,5364,171,70,63,87,160
N070701,2398,623,940,2,1375,1209,64,499,676
N070794,3575,666,92,0,485,92,67,157,2
N070834,1003,1678,1373,378,367,1301,956,35,1198
N070860,2313,1769,2164,0,466,307,733,211,187
N070979,16,134,22,6703,191,0,431,0,173
N070988,5246,1197,1169,0,289,158,377,0,104
N071017,1490,1152,561,3786,938,157,213,127,126
N071049,4382,1677,407,0,737,279,2,467,64
N071077,4130,2482,580,0,409,33,104,126,213
N071100,4969,941,800,1,1129,267,1,365,481
N071227,4476,992,427,1,1130,270,317,50,18
N071267,3568,1298,453,0,821,673,142,77,269
N071277,4788,433,339,0,1262,627,54,126,194
N071364,2344,1638,927,1,770,261,599,140,589
N071446,1338,3207,254,1808,83,311,58,199,157
N071456,5762,948,1,0,708,78,760,0,16
N071491,4335,1757,0,1,895,877,0,1,0
N071636,919,1051,541,4732,240,218,305,159,153
N071803,5101,227,642,1812,388,17,60,241,373
N071807,5004,1144,618,0,1517,58,1,276,1
N072075,5529,705,944,0,329,4,618,104,0
N072179,6344,824,139,0,195,380,126,409,99
N072205,1655,3123,1560,2,133,516,249,272,664
N072311,3731,654,832,2,368,160,264,169,189
N072343,1587,2374,3345,188,311,2,781,87,166
N072481,2102,1570,1257,1125,482,525,450,284,227
N072494,735,2450,1241,611,311,1006,124,143,472
N072593,2933,906,347,2,1231,673,362,1234,138
N072601,947,1034,834,5054,431,1,201,61,137
N072609,3123,1642,486,1,1034,671,119,116,210
N072613,5033,1028,185,0,397,72,184,222,303
N072661,4008,1306,1183,3,157,190,99,121,254
N072703,3036,225,328,0,78,3156,7,328,359
N072723,4593,983,2,0,260,1453,46,575,575
N072803,6216,783,73,0,362,151,369,393,15
N072819,4687,1319,422,1,145,422,376,202,655
N072972,4366,353,698,1126,149,190,377,343,163
N073026,1567,3165,2284,0,459,2,156,201,198
N073043,3273,1650,1803,0,839,121,404,142,1
N073106,538,1177,2081,0,256,468,157,322,202
N073135,1069,1663,1205,3739,375,6,286,179,156
N073170,4664,1582,365,0,735,17,233,19,4
N073176,3677,890,501,3,356,1089,160,601,225
N073205,750,542,92,5244,279,16,102,261,1
N073376,5560,1085,4,0,169,45,122,2,0
N073470,2411,761,1,0,165,356,0,316,0
N073486,2191,1356,387,0,471,396,332,119,410
N073494,1827,1066,106,701,557,156,269,137,378
N073496,4125,1400,176,6,653,499,193,204,641
N073497,272,1588,0,0,372,4963,0,0,0
N073523,6789,432,473,1,218,247,5,248,1
N073651,5637,772,806,0,63,16,424,310,10
N073756,1467,2389,176,1,513,1339,270,282,319
N073759,3718,1389,1492,0,352,34,118,393,161
N073778,164,3937,996,785,290,114,168,93,419
N073823,2363,1058,847,3077,269,0,510,274,60
N073875,2835,748,1556,0,688,609,512,339,297
N073877,6372,1093,136,1,326,438,7,200,0
N073937,3082,1225,1214,6,454,659,347,590,225
N073985,237,588,623,7276,260,12,171,8,43
N074153,3154,1750,909,0,660,144,616,937,352
N074234,756,2750,421,3119,332,9,303,81,63
N074236,3790,717,1016,0,324,480,844,572,161
N074280,1915,639,557,4442,692,97,13,219,0
N074345,994,2929,178,0,270,489,425,49,42
N074354,3290,1132,1217,1,101,701,61,763,471
N074416,297,1580,355,5651,257,445,337,175,0
N074493,56,759,397,3837,22,0,173,14,39
N074537,4371,969,1595,2,152,407,71,331,207
N074613,3442,1970,1657,1,263,11,829,298,405
N074669,4657,1249,940,4,826,673,302,0,13
N074682,743,1281,562,4751,247,20,392,81,303
N074843,3901,612,616,0,253,1853,8,137,347
N074977,3185,486,336,2,927,1364,344,119,826
N074988,4407,724,834,2,487,206,379,279,197
N075238,3967,1125,2075,0,1176,1,712,151,0
N075373,4498,1018,1051,1,355,317,717,82,361
N075386,2291,1710,1499,2210,202,32,356,89,152
N075445,3337,1120,934,0,235,184,778,280,493
N075576,5891,655,463,1,202,148,110,242,3
N075623,2324,1206,442,0,1820,827,680,82,119
N075696,4789,1031,766,0,254,758,77,65,3
N075823,3916,761,515,1,280,851,727,354,204
N075854,1702,4559,3066,1,53,4,276,8,60
N075890,632,4897,1961,4,638,28,371,89,45
N075930,3237,3244,347,0,833,385,156,336,195
N075936,1439,884,277,0,1434,3590,131,26,0
N075979,1144,2876,826,548,1362,202,275,44,300
N076005,1233,1192,26,0,1298,4347,0,109,0
N076019,1492,4147,143,43,125,2072,22,205,168
N076095,569,4895,260,0,97,865,40,417,228
N076105,4153,931,624,0,524,822,574,139,1
N076176,3875,1008,739,1,954,121,898,200,120
N076187,2185,1936,2297,5,199,27,797,141,293
N076198,3163,1065,741,0,667,588,208,170,177
N076221,3700,997,418,0,820,573,457,324,287
N076341,235,2697,1537,2471,389,32,322,119,154
N076350,4792,1050,1342,2,595,89,724,212,0
N076382,3407,1469,1597,0,513,496,154,492,169
N076427,2990,786,282,0,1342,322,89,77,126
N076437,2838,2605,1603,1,462,0,554,93,316
N076543,892,2169,1509,2016,265,0,567,20,154
N076587,2555,1507,1103,203,535,54,527,406,129
N076599,3366,1180,498,0,364,1601,155,218,246
N076650,3076,583,189,0,975,198,611,269,1
N076830,1213,1171,1095,4154,185,209,421,103,269
N076901,2426,1902,675,6,287,584,151,290,576
N077025,2710,1811,488,31,500,530,82,438,502
N077042,1499,2481,1056,0,805,19,328,278,114
N077061,1090,5055,81,0,1137,1098,232,8,75
N077154,5327,1437,213,2,498,257,282,0,350
N077320,1595,3838,22,0,1192,218,52,654,92
N077322,1845,970,1520,0,485,588,123,48,499
N077495,1524,1752,379,2350,140,59,245,186,385
N077515,2034,1423,202,0,230,776,430,448,198
N077669,443,4473,377,3815,54,0,224,11,167
N077692,3857,943,535,18,52,480,214,127,1015
N077783,3660,2196,1474,0,272,127,274,0,459
N077896,926,404,2,0,825,2701,420,87,41
N077899,1654,2868,2525,4,64,0,476,259,118
N078066,839,834,294,4070,119,20,311,240,65
N078172,2233,845,1188,0,661,1679,126,92,547
N078629,854,832,1327,6194,57,25,24,65,196
N078682,2569,1743,272,1,878,579,552,388,504
N078735,5475,886,0,2,701,2,276,842,0
N078762,994,1125,555,3466,756,65,124,54,91
N078768,426,183,242,8262,134,468,82,8,0
N078882,2499,1962,1007,1,1760,154,329,50,184
N078890,6706,644,241,1,272,131,79,754,14
N078943,2378,1298,706,0,1205,20,101,0,324
N078969,5447,587,459,0,526,879,71,196,139
N078976,3780,1242,722,2,182,722,24,966,17
N079088,1534,989,1046,0,763,1560,335,904,443
N079214,1411,1772,234,880,194,744,81,494,344
N079293,3140,1080,1040,1,860,482,182,313,506
N079351,4934,332,763,0,283,22,671,199,1
N079382,3778,1180,404,1,79,418,36,208,199
N079430,1384,660,459,0,1077,361,457,2589,202
N079465,4395,1551,520,0,443,688,279,138,1
N079536,1037,1529,662,1,656,923,1394,72,1148
N079551,962,182,1767,0,850,4563,817,2,1
N079598,958,783,1728,0,488,107,19,28,431
N079634,4740,1101,1064,0,541,735,235,0,272
N079755,7004,278,406,3,76,47,54,240,8
N079766,1093,894,395,4158,96,151,101,472,104
N079782,1668,1374,193,17,219,636,95,1470,614
N079979,2843,1709,2874,0,140,98,678,90,107
N080158,3272,581,278,0,601,546,353,132,232
N080179,2571,1228,4073,0,104,74,586,105,181
N080203,3953,1959,420,2,653,48,252,344,4
N080229,3872,1244,1481,1,897,263,8,259,245
N080276,1291,3444,957,311,537,360,799,138,203
N080288,4063,1259,141,0,125,0,5,723,1
N080410,2581,1510,1307,0,563,223,982,517,302
N080669,2874,2069,330,88,470,1168,111,386,255
N080878,526,928,1787,4111,128,354,253,200,137
N080938,2010,3060,791,10,204,664,41,769,766
N080965,4935,417,1145,0,768,759,174,1,261
N081064,3400,1875,598,0,1353,0,1260,107,128
N081094,4628,964,239,0,889,476,798,209,29
N081103,86,561,316,5091,230,142,10,65,71
N081127,1065,1768,2687,0,817,2017,20,0,1
N081150,563,1504,1452,2657,622,36,322,69,99
N081161,2529,1718,2367,1,132,47,242,14,318
N081203,4651,1868,2,0,877,0,1,311,0
N081304,4513,1568,0,0,781,63,295,0,82
N081410,3659,1180,783,3,1031,358,77,462,214
N081625,3241,1580,1646,0,876,158,327,75,280
N081754,3969,1556,0,1,80,37,410,193,62
N081814,1767,2077,1152,1462,305,2,180,192,403
N081928,1614,2163,1,1,3132,1779,9,0,0
N081995,2391,1572,1326,0,513,565,834,191,224
N082114,1264,2059,1710,1794,429,213,897,7,183
N082162,5282,1011,201,0,658,3,84,211,61
N082289,3722,391,383,0,141,444,72,156,68
N082363,5746,397,10,0,109,72,0,206,2
N082536,4641,765,928,0,438,329,800,249,406
N082663,1893,1255,1059,0,652,1949,1024,102,293
N082684,6495,533,603,1,114,48,140,433,58
N082773,3940,553,2,1,101,1554,56,389,0
N082776,4878,927,113,2,223,486,67,553,170
N082785,4153,1082,1002,0,292,303,295,705,407
N082790,2995,1795,48,10,51,853,55,637,217
N082810,2733,439,1343,1,468,1854,87,272,0
N082820,1921,1703,124,0,240,0,4,0,74
N082915,6568,1047,129,0,954,142,102,121,91
N082958,3630,1119,44,0,1023,263,344,289,32
N082975,3329,1112,316,0,412,1142,242,247,1
N082983,2753,2959,721,0,19,709,0,173,373
N083047,4005,1561,874,0,793,11,518,7,11
N083053,1280,555,118,0,1066,474,638,13,157
N083273,3547,2227,368,14,147,1,1550,70,0
N083310,2079,1661,2771,1,1564,0,101,136,614
N083369,4328,949,760,0,621,524,358,401,1
N083461,7465,401,189,1,230,116,0,374,0
N083481,1693,1959,1619,2,355,174,323,136,420
N083648,4714,813,8,0,623,387,3,0,4
N083728,2510,3086,31,1,470,0,21,116,597
N083777,3627,1737,208,0,223,173,97,241,278
N083831,1715,1339,2296,4,827,1304,120,497,278
N083934,762,2556,782,1071,859,288,100,126,942
N084019,2463,2573,1156,0,711,149,111,58,370
N084241,1841,2039,1438,0,764,442,428,36,605
N084306,3498,1266,1364,0,356,1274,315,0,17
N084307,5042,1032,255,5,411,190,299,379,0
N084358,4785,990,704,0,786,403,92,235,108
N084378,4231,277,207,0,401,479,368,110,176
N084488,4763,1493,1,0,251,73,9,83,0
N084500,2926,1343,838,1,433,822,1053,252,323
N084739,0,1785,0,0,1200,2836,414,0,0
N084796,2157,2651,184,0,555,200,182,1276,1
N084800,3855,2891,656,0,221,91,129,131,138
N084970,4280,1209,52,1,457,340,45,918,20
N085117,2807,1576,204,0,1035,524,48,241,705
N085278,1336,422,513,4602,690,22,252,293,194
N085288,2412,2108,26,0,180,408,328,297,516
N085319,4157,539,2133,1,92,1212,91,242,15
N085422,153,1483,1057,5697,232,97,154,7,212
N085471,394,417,208,5961,161,174,55,24,30
N085526,335,778,1,2095,1251,2538,119,97,0
N085543,6068,405,84,0,103,326,100,639,35
N085629,3860,1396,316,0,1635,240,47,175,0
N085684,2148,1078,0,1959,1064,643,203,302,1
N085694,3294,1077,1576,47,224,774,233,888,144
N085801,3466,1282,47,242,9,11,3,434,5
N085827,2047,1922,637,26,287,2454,711,217,273
N085877,6830,1214,0,0,125,163,81,0,0
N085939,1383,4082,916,6,97,4,522,410,192
N085973,2402,1431,827,0,1362,461,1176,319,220
N086081,1390,720,8,0,739,27,196,46,111
N086107,3533,987,2,456,181,332,30,640,0
N086115,4406,1304,10,0,226,564,475,58,1
N086162,5326,831,290,739,286,1,240,473,322
N086170,461,541,430,4075,32,167,78,9,106
N086208,4255,1474,581,0,496,248,116,184,217
N086481,3441,618,282,1,277,4569,1,1,68
N086486,4530,1040,875,1,1074,837,1,246,0
N086567,4938,1103,327,0,509,394,1,1240,0
N086652,667,435,0,0,774,669,4,44,0
N086726,4336,904,1373,0,91,61,136,26,81
N086736,5000,548,674,1,121,1146,92,309,53
N086813,2984,812,275,211,2679,144,86,130,100
N086844,4392,1104,319,0,967,447,217,192,173
N086901,3437,1319,1517,0,715,1058,204,151,155
N086952,3677,1274,991,0,592,1068,480,136,363
N087051,1678,233,22,5022,65,258,1,22,35
N087100,4333,1067,1071,1,341,17,378,510,52
N087178,4984,1056,1869,2,373,240,114,99,3
N087206,7014,395,412,0,488,145,413,1,5
N087264,1232,1401,1089,623,709,1015,78,314,559
N087282,566,2799,1970,1817,288,19,281,277,204
N087377,2162,1257,1458,0,356,1074,359,1836,272
N087434,362,972,0,2513,767,17,0,0,0
N087571,7139,430,354,0,654,300,244,153,25
N087697,4258,708,360,33,472,30,572,1,637
N087757,2933,457,240,0,1424,166,4,38,19
N087836,2812,607,54,3163,74,559,0,350,38
N087950,4653,2164,1,1,1091,205,90,176,259
N087953,3425,993,779,0,1064,594,123,176,96
N087957,6547,602,0,0,27,476,0,765,0
N088081,2763,2754,1254,1,184,39,491,387,249
N088083,827,4317,1143,13,712,473,226,85,798
N088147,6058,951,355,0,371,291,45,82,48
N088191,2063,3739,1035,0,352,351,212,129,108
N088234,5233,886,311,1,700,719,199,0,0
N088457,385,736,7,6688,145,0,2,192,58
N088499,3749,798,414,0,585,300,468,206,315
N088621,3318,2215,693,0,521,42,596,308,426
N088627,4354,722,801,0,647,326,106,559,172
N088654,6238,340,52,0,234,2,118,278,0
N088711,5195,1940,636,1,226,80,107,58,101
N088716,6701,1098,1,3,8,328,0,0,8
N088728,2679,4595,399,6,122,250,379,39,530
N088787,4140,2056,796,0,644,42,413,90,354
N088828,2340,666,1237,1306,244,589,316,350,181
N088881,2362,3399,1375,1,419,145,64,203,568
N088931,646,963,35,4257,207,4,105,73,11
N088960,4118,945,1175,0,584,431,9,706,322
N088971,2464,1847,1472,0,351,608,40,140,472
N088976,628,972,340,4473,1190,7,91,27,201
N088983,707,141,583,5372,408,1268,9,31,0
N089072,3773,1209,1769,0,312,219,140,163,385
N089103,4663,648,976,0,217,646,0,468,172
N089222,5258,411,222,0,367,3,104,1065,97
N089335,961,3207,531,3346,345,3,368,221,63
N089424,513,1593,550,2,1567,352,833,10,202
N089472,3186,554,317,1953,234,200,61,127,107
N089495,5366,977,97,0,313,270,725,382,0
N089568,2369,599,1752,1,2386,747,405,287,0
N089611,2210,1064,0,20,1546,460,1,63,0
N089645,2510,1598,951,0,1852,371,381,84,310
N089703,1004,1299,671,0,2551,120,318,2474,4
N089713,782,1079,1540,0,599,3942,192,39,216
N089794,4152,398,360,0,560,699,306,100,282
N089821,5412,920,242,0,289,578,74,122,0
N089828,3909,1839,305,0,171,1298,8,398,56
N089869,4982,761,599,0,232,769,176,343,234
N090003,3457,2169,320,0,636,413,30,71,35
N090037,1468,2120,1135,129,301,606,94,829,296
N090058,1053,1087,1108,2682,1241,45,384,192,135
N090193,3539,1884,476,0,724,125,195,55,853
N090294,417,1154,998,3834,214,1484,151,73,98
N090317,4743,1609,941,0,1337,0,3,259,4
N090331,3288,1295,476,0,1076,833,51,131,447
N090365,1772,1725,990,2066,106,175,601,359,111
N090387,1365,1744,1611,0,941,830,149,41,1628
N090404,6018,796,71,2,270,5,493,421,7
N090615,4159,42,2,1,1,2314,2,177,6
N090638,3698,1418,181,0,339,20,6,334,0
N090646,3085,742,31,0,1379,2636,0,529,255
N090785,420,1852,452,3432,188,2,216,109,89
N091061,2291,570,469,0,1041,406,408,183,241
N091085,3383,2379,578,1,632,55,867,82,173
N091105,3559,945,2044,0,170,1031,110,1012,436
N091206,4497,1509,607,0,512,236,343,54,99
N091256,5,2973,2,0,1743,0,4,0,0
N091311,1722,1046,425,0,624,212,1741,150,228
N091420,5722,753,0,0,854,687,1,0,0
N091486,4411,303,566,148,15,30,0,109,0
N091542,1847,2484,50,8,340,293,12,250,493
N091579,159,198,287,8906,36,15,41,20,57
N091594,3401,966,1493,0,472,469,305,441,365
N091606,2090,416,729,0,598,177,30,112,39
N091640,203,998,705,0,798,3806,264,4,225
N091819,3161,1363,1631,5,350,410,668,157,261
N091966,2681,458,936,2,1139,1013,675,161,382
N092026,1596,642,307,4164,560,67,261,160,35
N092082,2212,3311,689,0,187,59,737,93,145
N092113,667,945,2290,3070,710,203,117,52,867
N092119,1561,1012,3165,0,225,170,984,26,387
N092234,3761,1539,623,1,374,604,47,646,298
N092248,269,1267,399,5691,70,7,54,114,150
N092441,4665,1717,399,0,567,3,0,519,47
N092501,4751,1602,1769,4,245,112,269,111,41
N092592,5366,673,257,584,260,30,523,249,67
N092710,5842,918,1075,2,335,109,277,208,0
N092886,3479,99,3,2,79,2472,0,275,0
N092913,2620,2696,517,0,1501,138,142,799,54
N093050,3684,892,770,0,209,365,846,118,206
N093052,3712,1558,195,373,159,37,373,807,179
N093236,4138,454,1356,2,992,274,54,235,127
N093351,2898,2672,151,0,746,324,298,17,764
N093539,1335,369,199,4337,236,2012,49,4,65
N093578,3697,1157,389,135,498,24,305,304,141
N093596,5578,407,492,0,541,51,664,189,72
N093651,5188,1745,784,4,347,78,110,0,277
N093660,6010,1065,652,0,253,603,0,457,0
N093675,3425,2098,1039,1,405,38,516,332,151
N093734,2039,2109,500,0,779,1428,14,188,664
N093774,4094,1280,0,0,1136,626,0,548,0
N093789,3505,861,322,1,148,19,147,25,38
N093972,4129,1987,974,0,332,48,311,102,237
N093975,146,753,916,4997,408,60,257,14,85
N094041,2773,2710,545,0,169,65,193,748,143
N094177,2974,1322,1493,3,562,683,205,353,128
N094206,2080,2104,74,637,324,54,247,209,1941
N094221,1278,1605,719,1,960,1172,564,2,0
N094281,4023,449,1127,1,754,1190,334,232,0
N094413,2126,869,1028,0,1482,304,203,424,951
N094439,4370,729,869,1,405,230,41,798,223
N094451,1317,236,6,0,323,1018,38,45,78
N094740,133,1342,1127,4787,232,41,79,74,208
N094763,2650,728,1786,0,852,1035,334,0,243
N095007,5469,1513,638,0,767,62,167,80,41
N095080,6208,866,0,0,617,0,311,0,0
N095133,1351,1434,967,1485,835,458,498,110,215
N095242,2927,1429,2438,0,264,36,754,44,288
N095361,3125,2477,376,0,496,445,79,300,517
N095367,2334,1484,3770,0,263,169,214,63,213
N095415,1659,176,0,3057,280,141,0,2245,742
N095447,4279,1015,1,0,337,596,1,13,1
N095583,1608,2059,1292,2,939,743,980,163,112
N095596,1160,1618,159,1,31,2788,20,262,47
N095728,2002,799,196,1388,360,439,86,233,224
N095748,1079,4261,822,417,123,168,225,209,233
N095757,937,1257,1351,3733,251,100,104,311,222
N095818,5400,647,1153,0,105,423,128,71,89
N095869,7430,792,76,0,226,90,21,490,0
N095886,2501,1396,772,1,670,1045,813,328,0
N095889,118,5419,1278,313,171,57,218,40,160
N095905,2613,2886,825,1,1192,39,784,67,96
N095976,2866,1303,889,1,392,16,1124,265,263
N096005,2994,585,67,1,344,2329,1,86,1
N096012,2644,2501,1639,0,1627,148,90,66,0
N096074,93,1143,1572,0,610,4082,339,0,238
N096176,5512,896,1,0,632,7,673,361,0
N096210,5499,1464,616,0,506,123,138,206,166
N096423,498,135,1001,1705,382,4051,131,185,196
N096463,385,1121,442,5046,73,9,313,67,32
N096647,320,343,1053,6088,166,57,93,137,67
N096706,3711,1050,1052,1,1107,836,2,157,606
N096750,2922,1104,214,2,193,0,992,401,306
N096774,5496,621,1243,0,1027,11,571,0,0
N096812,7514,464,368,0,159,25,73,245,28
N096881,3415,1057,691,1726,280,303,132,472,108
N097053,1048,4250,775,118,296,788,90,348,270
N097088,323,2281,1006,1149,726,504,613,10,368
N097104,3109,2868,816,0,542,53,384,128,242
N097273,4275,1313,280,2,411,107,474,723,842
N097279,4266,157,5,970,25,0,5,97,0
N097338,1704,3092,2041,0,235,33,323,53,7
N097416,2251,1710,229,2926,635,1,67,65,0
N097491,2406,2601,1112,4,684,174,271,212,293
N097585,3287,2345,1102,0,872,1,427,0,824
N097675,5318,836,560,2,112,1088,8,1,430
N097766,2852,1159,1540,0,245,684,261,23,566
N097924,310,586,486,2557,122,28,111,95,77
N097935,1035,554,594,3327,743,575,150,54,99
N097954,3917,499,789,0,339,402,395,1638,278
N097962,5653,1058,689,1,217,30,639,217,270
N097979,4405,776,1531,0,308,61,976,268,198
N098063,4134,823,715,0,887,247,51,297,147
N098127,2667,1460,752,4,195,181,157,146,107
N098285,3487,2072,992,1,334,181,7,299,285
N098338,1822,3751,807,2,181,612,94,0,111
N098346,4542,598,301,0,986,334,0,298,0
N098394,4437,1246,1363,0,1512,519,83,113,0
N098445,5901,944,546,0,172,12,117,177,310
N098504,3760,1005,1337,0,344,113,1123,129,281
N098528,1306,1905,1741,1,727,588,259,0,1
N098599,2144,1750,2760,87,80,290,303,26,396
N098684,7293,379,237,0,154,75,65,1,0
N098687,2387,1310,557,6,87,515,159,284,1306
N098995,3098,740,1015,112,963,414,12,258,400
N099008,3018,1636,742,0,178,372,313,258,166
N099086,445,1829,767,2,1362,769,1248,6,304
N099159,3281,600,743,0,508,1073,353,166,3
N099207,5094,999,627,3,297,321,82,634,0
N099222,773,2606,1077,1507,287,75,620,24,227
N099266,4146,915,731,0,664,191,106,162,199
N099372,6233,1767,2,8,29,110,0,2,0
N099397,2081,1391,703,0,322,675,147,394,290
N099425,2450,1097,847,7,652,1457,410,449,372
N099459,4817,1362,696,0,1150,7,308,594,9
N099696,3395,1373,1767,2,392,97,1081,73,574
N099743,1997,1580,4378,0,365,80,292,63,200
N099784,4377,1245,807,1,681,10,605,239,23
N099807,3729,1010,924,0,328,745,249,258,83
N099960,2624,691,1914,3,628,776,293,390,317
